{
    "Aalen": [48.8366887, 10.0971163],
    "Espoo": [60.2054911, 24.6559],
    "Berlin": [52.52000659999999, 13.404954],
    "Bernburg (Saale)": [51.7916385, 11.7401],
    "Ansbach": null,
    "Tempe": [33.4255104, -111.9400054],
    "Aschaffenburg": [49.9736814, 9.1476398],
    "Augsburg": [48.3705449, 10.89779],
    "New York": [40.7127753, -74.0059728],
    "Weimar": [50.9794934, 11.3235439],
    "London": [51.5072178, -0.1275862],
    "Bielefeld": [52.02209240000001, 8.5278764],
    "Bingen am Rhein": [49.9667396, 7.904596000000001],
    "Cottbus": [51.75631079999999, 14.3328679],
    "Bremen": [53.07929619999999, 8.8016936],
    "Uxbridge": [51.5485, -0.479611],
    "Hamburg": [53.5488282, 9.987170299999999],
    "Dijon": null,
    "Köln": [50.937531, 6.9602786],
    "Cardiff": [51.483707, -3.1680962],
    "Oldenburg": [53.1434501, 8.214552099999999],
    "Pittsburgh": [40.4386612, -79.99723519999999],
    "Eichstätt": [48.8910779, 11.185239],
    "Göteborg": [57.70887, 11.97456],
    "Clausthal-Zellerfeld": [51.8080063, 10.3407069],
    "Coburg": [50.2612581, 10.962576],
    "Wharley End": [52.071528, -0.6259319999999999],
    "Darmstadt": [49.8728253, 8.6511929],
    "Deggendorf": [48.8414126, 12.9572212],
    "Detmold": [51.9384783, 8.8686381],
    "Dortmund": [51.5135872, 7.465298100000001],
    "Dresden": [51.0504088, 13.7372621],
    "Durham": [54.77525, -1.584852],
    "Oestrich-Winkel": [50.0030906, 8.0152246],
    "München": [48.1351253, 11.5819805],
    "Eindhoven": [51.42314229999999, 5.462289699999999],
    "Lausanne": [46.5196535, 6.6322734],
    "Paris": [48.88670459999999, 2.3431043],
    "Singapore": [1.352083, 103.819836],
    "Cergy": [49.03561699999999, 2.060325],
    "Zürich": [47.3768866, 8.541694],
    "Eberswalde": [52.83713299999999, 13.7875871],
    "Lyon": [45.764043, 4.835659],
    "Bordeaux": [44.8416106, -0.5810938000000001],
    "Groningen": [53.2193835, 6.5665017],
    "Rotterdam": [51.9244201, 4.4777326],
    "Flensburg": [54.7937431, 9.4469964],
    "Frankfurt (Oder)": [52.3472237, 14.5505672],
    "Erlangen": [49.5896744, 11.0119611],
    "Aachen": [50.7753455, 6.083886800000001],
    "Wedel": null,
    "Frankfurt am Main": [50.1109221, 8.6821267],
    "Jena": [50.927054, 11.5892372],
    "Fulda": [50.5558095, 9.6808449],
    "Potsdam": [52.3905689, 13.0644729],
    "Atlanta": [33.7501275, -84.3885209],
    "Grenoble": [45.188529, 5.724524],
    "Torino": [45.0703155, 7.6868552],
    "Jouy-en-Josas": [48.76454500000001, 2.169007],
    "Leipzig": [51.3396955, 12.3730747],
    "Hamm": [51.6738583, 7.8159817],
    "Wernigerode": [51.8368113, 10.7844266],
    "Heilbronn": [49.1426929, 9.210879],
    "Düsseldorf": [51.2230411, 6.7824545],
    "Sankt Augustin": [50.773458, 7.185113699999999],
    "Emden": [53.35940290000001, 7.2060095],
    "Esslingen am Neckar": [48.742178, 9.3144229],
    "Furtwangen im Schwarzwald": [48.0501442, 8.2014192],
    "Geisenheim": [49.9864335, 7.966694199999999],
    "Hannover": [52.3758916, 9.732010400000002],
    "Karlsruhe": [49.0068901, 8.4036527],
    "Landshut": [48.5441917, 12.1468532],
    "Mannheim": [49.4873329, 8.4646441],
    "Merseburg": [51.3543817, 11.99261],
    "Krefeld": [51.33453, 6.565408199999999],
    "Reutlingen": [48.49437, 9.202803099999999],
    "Schmalkalden": [50.7234272, 10.4546019],
    "Wismar": [53.8879706, 11.4621371],
    "Stuttgart": [48.7758459, 9.1829321],
    "Hof": [50.3135391, 11.9127814],
    "Madrid": [40.41672790000001, -3.7032905],
    "Fontainebleau": null,
    "Bad Honnef": [50.6403871, 7.226841699999999],
    "Indianapolis": [39.76909, -86.158018],
    "Bonn": [50.73743, 7.0982068],
    "Wilhelmshaven": [53.53234029999999, 8.1068722],
    "Mainz": [49.9928617, 8.2472526],
    "Linz": null,
    "Baltimore": [39.2905023, -76.6104072],
    "Würzburg": [49.79130439999999, 9.9533548],
    "Gießen": [50.5840512, 8.678403099999999],
    "Stockholm": [59.3327036, 18.0656255],
    "Leuven": [50.8791453, 4.7024648],
    "Kaiserslautern": [49.4400657, 7.7491265],
    "Kempten (Allgäu)": [47.7285699, 10.3157835],
    "Kiel": [54.3232927, 10.1227651],
    "Bailrigg": [54.0114056, -2.7873429],
    "Lappeenranta": [61.05497219999999, 28.189604],
    "Leiden": [52.16361879999999, 4.4802444],
    "Lüneburg": [53.2478704, 10.4160637],
    "Linköping": [58.41080700000001, 15.6213728],
    "Växjö": [56.8790044, 14.8058523],
    "Loughborough": [52.772099, -1.206166],
    "Ludwigshafen am Rhein": [49.4774018, 8.4447451],
    "Lund": [55.7046601, 13.1910073],
    "Luxembourg": [49.815273, 6.129582999999999],
    "Maastricht": [50.8513682, 5.6909725],
    "Magdeburg": [52.1131758, 11.6080863],
    "Malmö": [55.604981, 13.003822],
    "Halle (Saale)": [51.49535669999999, 11.9662371],
    "Cambridge": [52.1950788, 0.1312729],
    "Planegg": [48.10587899999999, 11.4237179],
    "Hamilton": [48.12272309999999, 11.4514289],
    "Mittweida": [50.9853149, 12.9740557],
    "Münster": [51.9606649, 7.6261347],
    "Neubrandenburg": [53.5678292, 13.2779269],
    "Newcastle upon Tyne": [54.978252, -1.61778],
    "Evanston": [42.0568276, -87.6872172],
    "Trondheim": [63.4305149, 10.3950528],
    "Breukelen": [52.1710222, 5.0013289],
    "Nürtingen": [48.624421, 9.3469069],
    "Regensburg": [49.0134297, 12.1016236],
    "Lemgo": [52.0266732, 8.9018625],
    "Offenburg": [48.473451, 7.9498017],
    "Osnabrück": [52.2799112, 8.0471788],
    "Amberg": [49.4403198, 11.8633445],
    "Wolfenbüttel": [52.160443, 10.5342445],
    "Paderborn": [51.7189205, 8.757509299999999],
    "Pforzheim": [48.8921862, 8.6946286],
    "Marburg": [50.8018843, 8.7657677],
    "Palaiseau": [48.7146541, 2.2483819],
    "Kingston": [48.1576084, 11.5451082],
    "Nijmegen": [51.8432807, 5.8609313],
    "Kleve": [51.78672599999999, 6.12954],
    "Rosenheim": [47.8571272, 12.1181047],
    "Egham": [51.428825, -0.547876],
    "Bochum": [51.4818445, 7.216236299999999],
    "Heidelberg": [49.3987524, 8.6724335],
    "Saarbrücken": [49.2381697, 6.997547],
    "Iserlohn": [51.3765096, 7.6960842],
    "Stanford": [37.42766, -122.17006],
    "Stralsund": [54.30906539999999, 13.0770347],
    "Kloten": [47.4495116, 8.5821648],
    "Utrecht": [52.09192549999999, 5.1229572],
    "Freiberg": [50.9160943, 13.3468175],
    "Delft": [52.01157689999999, 4.3570677],
    "Vienna": [48.20806959999999, 16.3713095],
    "Tampere": [61.4971456, 23.7525985],
    "Wildau": [52.3254224, 13.6275612],
    "Kongens Lyngby": [55.763516, 12.4949429],
    "Ingolstadt": [48.7667395, 11.4226498],
    "Lübeck": [53.8654673, 10.6865593],
    "Nürnberg": [49.45428810000001, 11.0745641],
    "Braunschweig": [52.2677907, 10.5245656],
    "Chemnitz": [50.8282222, 12.9208547],
    "Ilmenau": [50.6843502, 10.9254728],
    "Dublin 1": [53.3542318, -6.2569876],
    "Edinburgh": [55.953252, -3.188267],
    "Manchester": [53.4807593, -2.2426305],
    "Parkville": [30.052231, 31.198121],
    "Camperdown": [-33.88622429999999, 151.1791091],
    "Coventry": [52.4128163, -1.5089521],
    "Tilburg": [51.560596, 5.0919143],
    "Trier": [49.7500569, 6.637188999999999],
    "Dublin 2": [53.3398938, -6.2542734],
    "Medford": [42.3230112, -122.8767396],
    "Lugano": [46.0036778, 8.951051999999999],
    "Ulm": [48.4010822, 9.987607599999999],
    "Umeå": [63.8258471, 20.2630354],
    "Bern": [46.9479739, 7.4474468],
    "Dublin 4": [53.32937, -6.2275049],
    "Trollhättan": [58.282653, 12.2893687],
    "Edmonton": [53.5461663, -113.4937356],
    "Amsterdam": [52.3675734, 4.9041389],
    "Ismaning": [48.2258973, 11.6742738],
    "Bremerhaven": [53.5395845, 8.580942499999999],
    "Erfurt": [50.98476789999999, 11.02988],
    "Kehl": [48.5788725, 7.8160821],
    "Weingarten": null,
    "Schweinfurt": [50.0494345, 10.2200758],
    "Windisch": [47.4789604, 8.2159655],
    "Bamberg": [49.8988135, 10.9027636],
    "Barcelona": [41.4036299, 2.1743558],
    "Basel": [47.5595986, 7.5885761],
    "Bath": [51.381072, -2.359619],